Area Name,Region,State,NPS Fee Acres,NPS Less Than Fee Acres,Other Federal Fee Acres,Subtotal Federal Acres,Other Public Acres,Private Acres,Subtotal Non-Federal Acres,Gross Area Acres
A LINCOLN BIRTHPL NHP,1,KY,344.5,0,0,344.5,0,0,0,344.5
ACADIA NP,1,ME,37478.7,10707.9,21.77,48208.37,48.22,814.81,863.03,49071.4
ADAMS NHP,1,MA,9.17,0,0,9.17,4,10.65,14.65,23.82
AFRICAN BURIAL GROUND NM,1,NY,0.35,0,0,0.35,0,0,0,0.35
AGATE FOSSIL BEDS NM,5,NE,2270.33,459.75,0,2730.08,24.43,303.36,327.79,3057.87
ALAGNAK WILD RVR,11,AK,26417.85,0,0,26417.85,2265,1981.94,4246.94,30664.79
ALIBATES FLINT QUARRIES N,6,TX,1079.23,0,0,1079.23,0,291.74,291.74,1370.97
ALLEGHENY PRTGE RR NHS,1,PA,1255.02,0,0,1255.02,16.25,13,29.25,1284.27
AMISTAD NRA,6,TX,55532.07,1045.11,919.42,57496.6,401.49,5047.06,5448.55,62945.15
ANDERSONVILLE NHS,2,GA,499.88,1,0,500.88,7.89,6.84,14.73,515.61
ANDREW JOHNSON NHS,2,TN,16.68,0,0,16.68,0,0,0,16.68
ANIAKCHAK N PRESERVE,11,AK,458809.35,0,0,458809.35,5147,161.58,5308.58,464117.93
ANIAKCHAK NM,11,AK,137176,0,0,137176,0,0,0,137176
ANTIETAM NB,1,MD,1987.46,757.76,0,2745.22,20.98,463,483.98,3229.2
APOSTLE ISLANDS NL,3,WI,42160.7,0,0,42160.7,27165.31,51.42,27216.73,69377.43
APPALACHIAN NS TRAIL,"1, 2",ME TO GA 4/,109915.47,14652.22,58598.64,183166.33,48960.4,9073.46,58033.86,241200.19
APPOMATTOX CRT HS NHP,1,VA,1700.3,0,0,1700.3,2.12,72.18,74.3,1774.6
ARCHES NP,7,UT,76545.95,0,0,76545.95,133.03,0,133.03,76678.98
ARKANSAS POST NMEM,4,AR,649.91,0,14,663.91,0,93.6,93.6,757.51
"ARL HOUSE, R E LEE MEM",1,VA,17.12,0,0,17.12,0,0,0,17.12
ASSATEAGUE ISLAND NS,1,MD-VA 2/,8983.42,102.16,9842.69,18928.27,22389.33,28.9,22418.23,41346.5
AZTEC RUINS NM,7,NM,266.78,0,0,266.78,6.78,44.84,51.62,318.4
BADLANDS NP,5,SD,111485.13,122324,0,233809.13,39.24,8907.57,8946.81,242755.94
BANDELIER NM,7,NM,33654.44,0,0,33654.44,0,22.23,22.23,33676.67
BELMONT-PAUL WOMENS EQLTY NM,1,DC,0.34,0,0,0.34,0,0,0,0.34
BENT'S OLD FORT NHS,7,CO,735.6,0,0,735.6,7.4,55.54,62.94,798.54
BERING LAND BRIDGE N PRES,11,AK,2651327.6,0,0,2651327.6,0,46063.41,46063.41,2697391.01
BIG BEND NP,6,TX,775273.38,0,0,775273.38,2606.87,23282.96,25889.83,801163.21
BIG CYPRESS ADDITION,2,FL 5/,141539.47,0,0,141539.47,3541.14,1030.08,4571.22,146110.69
BIG CYPRESS N PRESERVE,2,FL 5/,535805.19,0,0,535805.19,37814.36,833.77,38648.13,574453.32
BIG HOLE NB,5,MT,655.61,0,0,655.61,0,320,320,975.61
BIG SOUTH FORK NR & RA,"1, 2",KY-TN,115387.55,34.45,0,115422,2845.5,5431.22,8276.72,123698.72
BIG THICKET N PRESERVE,6,TX,108734.76,13.38,0,108748.14,3465.11,908.71,4373.82,113121.96
BIGHORN CANYON NRA,"5, 7",MT-WY,47986.04,889.89,19614.94,68490.87,1392.29,50413.06,51805.35,120296.22
BIRMINGHAM CIVIL RIGHTS NM,2,AL,0.23,0.65,0,0.88,0,0,0,0.88
BISCAYNE NP,2,FL,171376.96,0,18.45,171395.41,1215.85,359.85,1575.7,172971.11
BLACK CANYON OF GUNNISON,7,CO,29828.28,901.92,0,30730.2,16.36,33.27,49.63,30779.83
BLACKSTONE RIVER VALLEY NHP,1,MA-RI,3.06,84.94,0,88,0,1401,1401,1489
BLUE RIDGE PKWY,"1, 2",NC-VA,85992.17,2775.57,125,88892.74,259.58,11428.04,11687.62,100580.36
BLUESTONE NSR,1,WV,3032,0,0,3032,1236,41.51,1277.51,4309.51
BOOKER T WASHINGTON NM,1,VA,239.01,0,0,239.01,0,0,0,239.01
BOSTON AFRI-AMER NHS,1,MA,0,0,0,0,0.06,0.53,0.59,0.59
BOSTON HARBOR ISLAND NRA,1,MA,0.06,240.51,5,245.57,988.74,248,1236.74,1482.31
BOSTON NHP,1,MA,37.96,0,0,37.96,5.09,0.77,5.86,43.82
BRICES CROSS RDS NBS,4,MS,1,0,0,1,0,0,0,1
BROWN V. BD OF ED. NHS,5,KS,1.85,0,0,1.85,0,0,0,1.85
BRYCE CANYON NP,7,UT,35832.58,0,0,35832.58,0,2.5,2.5,35835.08
BUCK ISLAND REEF NM,2,VI,880,0,18135.47,19015.47,0,0,0,19015.47
BUFFALO N RVR,4,AR,90640.14,3427.7,0,94067.84,107.11,118.13,225.24,94293.08
C & O CANAL NHP,1,MD-DC-WV,13141.23,1308.25,0,14449.48,3378.36,1789.92,5168.28,19617.76
CABRILLO NM,8,CA,159.94,0,0,159.94,0,0,0,159.94
CAMP NELSON NM,1,KY,464.97,0,0,464.97,0,0,0,464.97
CANAVERAL NS,2,FL,17735.69,0,39912,57647.69,0,14,14,57661.69
CANE RIVER CREOLE NHP,4,LA,62.39,0,0,62.39,4.64,138.47,143.11,205.5
CANYON DE CHELLY NM,8,AZ,0,0,0,0,0,83840,83840,83840
CANYONLANDS NP,7,UT,337269.4,301.03,0,337570.43,27.4,0,27.4,337597.83
CAPE COD NS,1,MA,27114.34,403.64,31.86,27549.84,14556.22,1502.33,16058.55,43608.39
CAPE HATTERAS NS,2,NC,24470.1,0,5880,30350.1,0,0.55,0.55,30350.65
CAPE KRUSENSTERN NM,11,AK,617675.09,10033.51,0,627708.6,353,21034.55,21387.55,649096.15
CAPE LOOKOUT NS,2,NC,13915.7,11243.4,14.52,25173.62,3048.16,21.58,3069.74,28243.36
CAPITOL REEF NP,7,UT,241223.33,0,0,241223.33,681.17,0,681.17,241904.5
CAPULIN VOLCANO NM,7,NM,792.84,0,0,792.84,0,0,0,792.84
CARL SANDBURG HOME NHS,2,NC,268.36,0,0,268.36,0,0.13,0.13,268.49
CARLSBAD CAVERNS NP,7,NM,46427.26,0,0,46427.26,0,339.19,339.19,46766.45
CARTER G. WOODSON NHS,1,DC,0.15,0,0,0.15,0,0,0,0.15
CASA GRANDE RUINS NM,8,AZ,472.5,0,0,472.5,0,0,0,472.5
CASTILLO DE SAN MARCOS NM,2,FL,19.31,0,0,19.31,0.06,0.01,0.07,19.38
CASTLE CLINTON NM,1,NY,1,0,0,1,0,0,0,1
CASTLE MOUNTAINS NM,8,CA,20902,0,0,20902,106,17.5,123.5,21025.5
CATOCTIN MT PARK,1,MD,5885.28,4.51,0,5889.79,0,1.13,1.13,5890.92
CEDAR BREAKS NM,7,UT,6154.6,0,0,6154.6,0,0,0,6154.6
CEDAR CREEK/BELLE GROVE NHP,1,VA,134.95,0,0,134.95,21.09,3548.92,3570.01,3704.96
CÉSAR E. CHÁVEZ NM,10,CA,1.9,8.6,0,10.5,0,106.06,106.06,116.56
CHACO CULTURE NHP,7,NM,32840.14,0,0,32840.14,0,1120.05,1120.05,33960.19
CHAMIZAL NMEM,6,TX,54.9,0,0,54.9,0,0,0,54.9
CHANNEL ISLANDS NP,8,CA,69425.66,0,9592.96,79018.62,124554.15,45988.23,170542.38,249561
CHARLES PINCKNEY NHS,2,SC,28.45,0,0,28.45,0,0,0,28.45
CHARLES YOUNG BUFF SOLDRS NM,3,OH,59.66,0,0,59.66,0,0,0,59.66
CHATTAHOOCHEE RVR NRA,2,GA,5116.19,154.95,0.05,5271.19,4094.62,3050.94,7145.56,12416.75
CHICK & CHATT NMP,2,GA-TN,9420.08,12.89,0,9432.97,27.86,62.65,90.51,9523.48
CHICKASAW NRA,6,OK,9695.79,9.2,189.14,9894.13,4.5,0,4.5,9898.63
CHIRICAHUA NM,8,AZ,12022.38,0,0,12022.38,0,2.35,2.35,12024.73
CHRISTIANSTED NHS,2,VI,26.24,0,0,26.24,0.91,0,0.91,27.15
CITY OF ROCKS NRESERVE,9,ID,10022.78,0,0,10022.78,640,3744.41,4384.41,14407.19
CLARA BARTON NHS,1,MD,8.59,0,0,8.59,0,0,0,8.59
COLONIAL NHP,1,VA,8048.71,556.47,0,8605.18,68.83,1.03,69.86,8675.04
COLORADO NM,7,CO,20536.39,0,0,20536.39,0,0,0,20536.39
CONGAREE NP,2,SC,26600.96,0,0,26600.96,0,91.64,91.64,26692.6
CONSTITUTION GARDENS,1,DC,39.23,0,0,39.23,0,0,0,39.23
CORONADO NMEM,8,AZ,4828.22,0,0,4828.22,0,2,2,4830.22
COWPENS NB,2,SC,790.9,0,0,790.9,46.63,4.03,50.66,841.56
CRATER LAKE NP,"9, 10",OR,183223.77,0,0,183223.77,0,0.28,0.28,183224.05
CRATERS OF THE MOON NM,9,ID,53437.64,0,0,53437.64,0,0,0,53437.64
CRATERS OF THE MOON NPRES,9,ID,410732.92,0,273488.22,684221.14,8156.91,6561.64,14718.55,698939.69
CUMBERLAND GAP NHP,"1, 2",KY-TN-VA,24344.95,185.61,0,24530.56,10.06,6.21,16.27,24546.83
CUMBERLAND ISLAND NS,2,GA,18866.37,1.63,656.92,19524.92,13820.15,3001.76,16821.91,36346.83
CURECANTI NRA,7,CO 1/,1122.3,1.38,42456.04,43579.72,10.84,0,10.84,43590.56
CUYAHOGA VALLEY NP,3,OH,19060.95,1453.68,0,20514.63,8456.72,3600.54,12057.26,32571.89
DAYTON AVIATION HR NHP,3,OH,0.69,0,84.41,85.1,20.2,5.26,25.46,110.56
DE SOTO NMEM,2,FL,24.78,0,0,24.78,0,5.22,5.22,30
DEATH VALLEY NP,"8, 10",CA-NV,3354777.59,0,393.99,3355171.58,44270.68,8953.37,53224.05,3408395.63
DEL WATER GAP NRA,1,NJ-PA,58362.63,54.2,0,58416.83,7525.31,2766.74,10292.05,68708.88
DENALI N PRESERVE,11,AK,1304241.97,0,0,1304241.97,640,29235.83,29875.83,1334117.8
DENALI NP,11,AK,4732657.96,2,0,4732659.96,5663,2588.2,8251.2,4740911.16
DEVILS POSTPILE NM,10,CA,800.19,0,0,800.19,0,0,0,800.19
DEVILS TOWER NM,7,WY,1346.91,0,0,1346.91,0,0.3,0.3,1347.21
DINOSAUR NM,7,CO-UT,203257.93,2667.58,0,205925.51,50.96,4305.45,4356.41,210281.92
DRY TORTUGAS NP,2,FL,61481.22,0,0,61481.22,3220,0,3220,64701.22
DWIGHT D. EISENHOWER MEM,1,DC,1.25,0,2.14,3.39,0,0,0,3.39
EBEY'S LANDING NH RES,9,WA,686.18,2088.65,0,2774.83,68,16490.68,16558.68,19333.51
EDGAR ALLAN POE NHS,1,PA,0.52,0,0,0.52,0,0,0,0.52
EFFIGY MOUNDS NM,4,IA,2489.26,0,0,2489.26,37.13,0,37.13,2526.39
EISENHOWER NHS,1,PA,687.37,3.09,0,690.46,0,0,0,690.46
EL MALPAIS NM,7,NM,109946.76,0,0,109946.76,435.61,3964.75,4400.36,114347.12
EL MORRO NM,7,NM,1039.92,0,0,1039.92,0,238.8,238.8,1278.72
ELEANOR ROOSEVELT NHS,1,NY,180.5,0,0,180.5,0,0,0,180.5
EUGENE O'NEILL NHS,10,CA,13.19,0,0,13.19,0,0,0,13.19
EVERGLADES EXPANSION,2,FL 6/,108377.19,20.16,1.92,108399.27,0,0,0,108399.27
EVERGLADES NP,2,FL 6/,1400253.48,0,0,1400253.48,0,285.82,285.82,1400539.3
FDR MEMORIAL,1,DC,8.14,0,0,8.14,0,0,0,8.14
FEDERAL HALL NMEM,1,NY,0.45,0,0,0.45,0,0,0,0.45
FIRE ISLAND NS,1,NY,3090.67,3151.51,0,6242.18,12422.73,915.74,13338.47,19580.65
FIRST LADIES NHS,3,OH,0.46,0,0,0.46,0,0,0,0.46
FIRST STATE NHP,1,DE-PA,1359.31,5.54,0,1364.85,2.47,41.9,44.37,1409.22
FLIGHT 93 NATIONAL MEMORIAL,1,PA,1584.7,0,0,1584.7,0,677.95,677.95,2262.65
FLORISSANT FOSSIL BEDS NM,7,CO,6272.32,0,0,6272.32,5.77,0,5.77,6278.09
FORD'S THEATRE NHS,1,DC,0.3,0,0,0.3,0,0,0,0.3
FOSSIL BUTTE NM,7,WY,8198,0,0,8198,0,0,0,8198
FREDERICK DOUGLASS NHS,1,DC,8.57,0,0,8.57,0,0,0,8.57
FREDERICK LAW OLMSTED NHS,1,MA,7.06,0.15,0,7.21,0,0,0,7.21
FRED-SPOTS MEM NMP,1,VA,7481.86,85.69,0,7567.55,13.71,824.2,837.91,8405.46
FREEDOM RIDERS NM,2,AL,5.96,0,0,5.96,0,0.06,0.06,6.02
FRIENDSHIP HILL NHS,1,PA,661.44,0,0,661.44,0,13.12,13.12,674.56
FT BOWIE NHS,8,AZ,999.45,0,0,999.45,0,0,0,999.45
FT CAROLINE NMEM,2,FL,137.26,0,0,137.26,0,1.13,1.13,138.39
FT DAVIS NHS,6,TX,523,0,0,523,0,0,0,523
FT DONELSON NB,"1, 2",TN-KY,1027.16,0,226.49,1253.65,17.14,48.21,65.35,1319
FT FREDERICA NM,2,GA,301.87,2.18,0,304.05,0,1.29,1.29,305.34
FT LARAMIE NHS,7,WY,871.78,0,0,871.78,0,1.33,1.33,873.11
FT LARNED NHS,5,KS,410.46,269.2,0,679.66,38.73,0,38.73,718.39
FT MATANZAS NM,2,FL,298.51,0,0,298.51,0,1.6,1.6,300.11
FT MCHENRY NM & HSHRIN,1,MD,43.26,0,0,43.26,0,0,0,43.26
FT MONROE NM,1,VA,121.11,64.54,141.47,327.12,40,0,40,367.12
FT NECESSITY NB,1,PA,894.47,0,0,894.47,8.33,0,8.33,902.8
FT POINT NHS,10,CA,29,0,0,29,0,0,0,29
FT PULASKI NM,2,GA,5365.13,0,0,5365.13,257.97,0,257.97,5623.1
FT RALEIGH NHS,2,NC,355.45,0,0,355.45,18.57,141.71,160.28,515.73
FT SCOTT NHS,5,KS,16.77,0,0,16.77,0.24,3.1,3.34,20.11
FT SMITH NHS,"4, 6",AR-OK,31.75,0.41,5.8,37.96,1.44,35.6,37.04,75
FT STANWIX NM,1,NY,15.52,0,0,15.52,0,0,0,15.52
FT SUMTER & FT MOULTRIE NHP,2,SC,164.6,58.84,4.97,228.41,4.11,0,4.11,232.52
FT UNION NM,7,NM,720.6,0,0,720.6,0,0,0,720.6
FT UNION TRADING POST NHS,5,ND-MT,246.8,123.43,0,370.23,67.29,2.62,69.91,440.14
FT VANCOUVER NHS,9,WA-OR,164.7,0.63,32.08,197.41,9.31,0,9.31,206.72
FT WASHINGTON PARK,1,MD,341,0,0,341,0,4.05,4.05,345.05
G W BIRTHPLACE NM,1,VA,550.23,0,0,550.23,0,103.96,103.96,654.19
G W MEMORIAL PKWY,1,MD-VA,6065.75,524.95,0,6590.7,110.08,72.85,182.93,6773.63
GATES OF ARCTIC N PRES,11,AK,948203,0,0,948203,0,405.07,405.07,948608.07
GATES OF THE ARCTIC NP,11,AK,7276030.2,83780,0,7359810.2,1292,162795.25,164087.25,7523897.45
GATEWAY ARCH NP,"3, 4",MO-IL,85.46,5.5,0,90.96,16.64,85.23,101.87,192.83
GATEWAY NRA,1,NJ-NY,20164.79,1.63,279.24,20445.66,5558.78,602.19,6160.97,26606.63
GAULEY RIVER NRA,1,WV,5138.27,61.67,43.36,5243.3,989.83,5332.62,6322.45,11565.75
GENERAL GRANT NMEM,1,NY,0.76,0,0,0.76,0,0,0,0.76
GEORGE R CLARK NHP,3,IN,25.3,0,0,25.3,0.87,0,0.87,26.17
GEORGE WASH. CARVER NM,4,MO,240,0,0,240,0,0,0,240
GETTYSBURG NMP,1,PA,4609.73,590.81,0.01,5200.55,2.59,828.93,831.52,6032.07
GILA CLIFF DWELNGS NM,7,NM,533.13,0,0,533.13,0,0,0,533.13
GLACIER BAY N PRESERVE,11,AK,58406,0,0,58406,0,0,0,58406
GLACIER BAY NP,11,AK,3222434.78,0,0,3222434.78,0,948.65,948.65,3223383.43
GLACIER NP,"5, 9",MT,1012843.03,54.65,0,1012897.68,2.51,226.2,228.71,1013126.39
GLEN CANYON NRA,"7, 8",AZ-UT,1238621.99,0,1141.85,1239763.84,14352.78,0,14352.78,1254116.62
GOLDEN GATE NRA,10,CA,34742.93,22246.33,324.97,57314.23,22285.73,2516.07,24801.8,82116.03
GOLDEN SPIKE NHP,7,UT,2203.2,0,0,2203.2,0,532.08,532.08,2735.28
GOVERNORS ISLAND NM,1,NY,22.4,0.01,0,22.41,0,0.5,0.5,22.91
GRAND CANYON NP,8,AZ,1180650.85,0,0,1180650.85,11860,9136.18,20996.18,1201647.03
GRAND PORTAGE NM,3,MN,709.97,0,0,709.97,0,0,0,709.97
GRAND TETON NP,7,WY,273514.25,165.59,34984.62,308664.46,496.6,883.3,1379.9,310044.36
GRANT-KOHRS RANCH NHS,9,MT,1325.83,165.63,0,1491.46,69.47,57.5,126.97,1618.43
GREAT BASIN NP,10,NV,77180,0,0,77180,0,0,0,77180
GREAT EGG HARBOR N. RIVER,1,NJ,0,0,0,0,43311.42,0,43311.42,43311.42
GREAT SAND DUNES N PRES,7,CO,41686,0,0,41686,0,0,0,41686
GREAT SAND DUNES NP,7,CO,94687.84,0,0,94687.84,40,12617.89,12657.89,107345.73
GREAT SMOKY MTS NP,2,TN-NC,521984.15,92.58,0,522076.73,0,350.15,350.15,522426.88
GREENBELT PARK,1,MD,1105.79,0,0,1105.79,58.3,11.9,70.2,1175.99
GUADALUPE MTS NP,"6, 7",TX,86367.1,0,0,86367.1,0,0,0,86367.1
GUILFORD COURTHS NMP,2,NC,254.44,0,0,254.44,0,0,0,254.44
GULF ISLANDS NS,"2, 4",FL-MS,95223.93,2.09,4553.25,99779.27,37807.56,718.69,38526.25,138305.52
HAGERMAN FOSSIL BEDS,9,ID,4334.65,0,0,4334.65,0,16.5,16.5,4351.15
HALEAKALA NP,12,HI,33264.47,0,0,33264.47,0.15,0,0.15,33264.62
HAMILTON GRANGE NMEM,1,NY,0.11,0.93,0,1.04,0,0.71,0.71,1.75
HAMPTON NHS,1,MD,62.04,0,0,62.04,0,0,0,62.04
HARPERS FERRY NHP,1,MD-VA-WV,3435.2,54.31,71.51,3561.02,59.1,49.07,108.17,3669.19
HARRIET TUBMAN NHP,1,NY,0.5,0,0,0.5,0,31,31,31.5
HARRIET TUBMAN UNDRGR RR NHP,1,MD,480,0,0,480,0,0,0,480
HARRY S TRUMAN NHS,4,MO,12.59,0,0,12.59,0,0,0,12.59
HAWAII VOLCANOES NP,12,HI,328355.63,0,0,328355.63,0,0,0,328355.63
HERBERT HOOVER NHS,4,IA,181.11,0,0,181.11,4.59,1.1,5.69,186.8
HOHOKAM PIMA NM,8,AZ,0,0,0,0,0,1690,1690,1690
HOME OF F D R NHS,1,NY,790.45,46.98,1,838.43,0,0,0,838.43
HOMESTEAD NHP,5,NE,180.47,24.07,0,204.54,5.91,0,5.91,210.45
HONOULIULI NHS,12,HI,123.02,0,0,123.02,0,31.44,31.44,154.46
HOPEWELL CULTURE NHP,3,OH,1138.3,8.05,0,1146.35,0,629.43,629.43,1775.78
HOPEWELL FURNACE NHS,1,PA,848.06,0,0,848.06,0,0,0,848.06
HORSESHOE BEND NMP,2,AL,2040,0,0,2040,0,0,0,2040
HOT SPRINGS NP,4,AR,5005.21,20.89,0,5026.1,315.17,212.88,528.05,5554.15
HOVENWEEP NM,7,CO-UT,784.93,0,0,784.93,0,0,0,784.93
HUBBELL T P NHS,8,AZ,160.09,0,0,160.09,0,0,0,160.09
INDEPENDENCE NHP,1,PA,33.27,1.47,0.02,34.76,4.95,5.16,10.11,44.87
INDIANA DUNES NP,3,IN,10570.06,538.31,0,11108.37,3412.17,828.54,4240.71,15349.08
ISLE ROYALE NP,3,MI,539281.91,0,0,539281.91,32508.39,0,32508.39,571790.3
J F KENNEDY NHS,1,MA,0.09,0,0,0.09,0,0,0,0.09
JAMES A GARFIELD NHS,3,OH,7.82,0,0,7.82,0,0,0,7.82
JDROCKEFELLER MEM PKWY,7,WY,23777.22,0,0,23777.22,0,0,0,23777.22
JEAN LAFITTE NHP &PRES,4,LA,21080.3,0.4,0,21080.7,2354.12,2441.04,4795.16,25875.86
JEWEL CAVE NM,5,SD,1273.51,0,0,1273.51,0,0,0,1273.51
JIMMY CARTER NHP,2,GA,36.81,8.81,1.92,47.54,0.01,30.8,30.81,78.35
JOHN DAY FOS BEDS NM,9,OR,7082.05,1403.05,4971.06,13456.16,134.54,471.49,606.03,14062.19
JOHN MUIR NHS,10,CA,338.3,0,0,338.3,3.9,1.94,5.84,344.14
JOHNSTOWN FLOOD NMEM,1,PA,167.77,1.24,0,169.01,5.55,3.2,8.75,177.76
JOSHUA TREE NP,8,CA,781908.85,0,0,781908.85,2572.74,10674.26,13247,795155.85
KALAUPAPA NHP,12,HI,22.88,0,0,22.88,10684,72,10756,10778.88
KALOKO-HONOKOHAU NHP,12,HI,615.9,0,0,615.9,518.83,28.32,547.15,1163.05
KATAHDIN WOODS AND WATERS NM,1,ME,87564.27,0,0,87564.27,0,0,0,87564.27
KATMAI N PRESERVE,11,AK,333400.98,0,0,333400.98,76881,8416.82,85297.82,418698.8
KATMAI NP,11,AK,3611536.5,20.43,7.5,3611564.43,50172,12792.9,62964.9,3674529.33
KENAI FJORDS NP,11,AK,603129.86,0,0,603129.86,19302,47218.19,66520.19,669650.05
KENNESAW MT NBP,2,GA,2896.25,0,0,2896.25,17.38,0,17.38,2913.63
KEWEENAW NHP,3,MI,135.78,0,0,135.78,0,1734.22,1734.22,1870
KINGS CANYON NP,10,CA,461846.05,0,0,461846.05,0,55.15,55.15,461901.2
KINGS MT NMP,2,SC,3945.29,0,0,3945.29,0,0,0,3945.29
KLONDIKE GOLD RUSH NHP,"9, 11",AK-WA,3420,0,0,3420,9199.38,377.11,9576.49,12996.49
KNIFE RIVER INDIAN VIL NH,5,ND,1473.05,122.8,0,1595.85,0,155.15,155.15,1751
KOBUK VALLEY NP,11,AK,1714413.42,5,0,1714418.42,966,35331.74,36297.74,1750716.16
KOREAN WAR VETERANS MEM,1,DC,1.56,0,0,1.56,0,0,0,1.56
LAKE CHELAN NRA,9,WA,59340.13,11.83,0,59351.96,2210.44,376.72,2587.16,61939.12
LAKE CLARK N PRESERVE,11,AK,1250062.32,9251.98,0,1259314.3,58224.63,92754.75,150979.38,1410293.68
LAKE CLARK NP,11,AK,2481440.51,0,0,2481440.51,37426,100949.98,138375.98,2619816.49
LAKE MEAD NRA,8,AZ-NV,1392731.19,41.31,78230.76,1471003.26,2444.75,22367.52,24812.27,1495815.53
LAKE MEREDITH NRA,6,TX,43964.51,0,1013,44977.51,0,0.12,0.12,44977.63
LAKE ROOSEVELT NRA,9,WA 1/,331.31,0,100059,100390.31,0,0,0,100390.31
LASSEN VOLCANIC NP,10,CA,106505.38,0,0,106505.38,0,83.64,83.64,106589.02
LAVA BEDS NM,10,CA,46692.42,0,0,46692.42,0,0,0,46692.42
LBJ MEM GROVE ON THE POTOMAC,1,DC,17,0,0,17,0,0,0,17
LEWIS AND CLARK NHP,9,OR-WA,2745.62,0,0,2745.62,257.1,407.43,664.53,3410.15
LINCOLN BOYHOOD NMEM,3,IN,185.68,0,0,185.68,6.38,7.9,14.28,199.96
LINCOLN HOME NHS,3,IL,12.03,0,0,12.03,0,0.21,0.21,12.24
LINCOLN MEMORIAL,1,DC,7.29,0,0,7.29,0,0,0,7.29
LITTLE BIGHORN BATTLEFLD,5,MT,765.34,0,0,765.34,0,0,0,765.34
LITTLE RIVER CANYON,2,AL,11157.12,0,13.33,11170.45,3287.87,833.31,4121.18,15291.63
LITTLE ROCK CENTRAL HS NH,4,AR,2.22,0,0,2.22,25.14,0.86,26,28.22
LONGFELLOW HOUSE-WASH HQ NHS,1,MA,1.98,0,0,1.98,0,0,0,1.98
LOWELL NHP,1,MA,8.61,22.02,0,30.63,8.07,104.67,112.74,143.37
LOWER ST CROIX NSR,3,MN-WI,4942.25,3488.93,0,8431.18,4470.98,12374.29,16845.27,25276.45
LYNDON B JOHNSON NHP,6,TX,672.28,2.05,0,674.33,2.42,894.96,897.38,1571.71
M MCLEOD BETHUNE HOUSE NHS,1,DC,0.07,0,0,0.07,0,0,0,0.07
MAGGIE L WALKER NHS,1,VA,0.36,0,0,0.36,0,0.93,0.93,1.29
MAMMOTH CAVE NP,1,KY,52007.62,0,0,52007.62,814.75,1193.92,2008.67,54016.29
MANASSAS NBP,1,VA,4403.98,22.33,0,4426.31,0,647.13,647.13,5073.44
MANHATTAN PROJECT NHP,"2, 7, 9",NM-TN-WA,0,0,113.61,113.61,0,0,0,113.61
MANZANAR NHS,10,CA,813.81,0,0,813.81,0,0,0,813.81
MARSH-BILLINGS-ROCKEFELLER N,1,VT,555.07,0,0,555.07,0,88,88,643.07
"MARTIN L KING, JR, MEMORIAL",1,DC,2.74,0,0,2.74,0,0,0,2.74
"MARTIN L KING, JR, NHP",2,GA,14.07,0,0,14.07,10.22,14.88,25.1,39.17
MARTIN VAN BUREN NHS,1,NY,44.53,7.64,0,52.17,0.24,232.52,232.76,284.93
MEDGAR-MYRLIE EVERS HOME NM,4,MS,0.74,0,0,0.74,0,0,0,0.74
MESA VERDE NP,7,CO,52251.86,0,0.12,52251.98,41.01,192.18,233.19,52485.17
MIDDLE DELAWARE NSR,1,NJ-PA,0,0,0,0,1973.33,0,1973.33,1973.33
MILL SPRINGS BATTLEFIELD NM,1,KY,18.01,0,0,18.01,0,1441.18,1441.18,1459.19
MINIDOKA NHS,9,ID-WA,299.79,88.51,0,388.3,8,0,8,396.3
MINUTE MAN NHP,1,MA,787.69,7.47,6.78,801.94,125.53,100.29,225.82,1027.76
MINUTEMAN MISSILE NHS,5,SD,39.22,0.93,0,40.15,0,3.65,3.65,43.8
MISSISSIPPI N RVR & RA,3,MN,91.74,0,0,91.74,0,53683.26,53683.26,53775
MISSOURI N REC RIVER,5,SD-NE,871.32,1.1,0,872.42,0,47584.13,47584.13,48456.55
MOJAVE NATIONAL PRESERVE,8,CA,1487034.58,0,0,1487034.58,43555.02,19119.77,62674.79,1549709.37
MONOCACY NB,1,MD,1357.44,195.37,0,1552.81,51.82,42.25,94.07,1646.88
MONTEZUMA CASTLE NM,8,AZ,998.69,0,0,998.69,0,16.83,16.83,1015.52
MOORES CREEK NB,2,NC,85.35,2.4,0,87.75,0,0,0,87.75
MORRISTOWN NHP,1,NJ,1704.74,0.95,0,1705.69,0,5.03,5.03,1710.72
MT RAINIER NP,9,WA,236334.67,0,0,236334.67,20.7,26.27,46.97,236381.64
MT RUSHMORE NMEM,5,SD,1238.45,1.07,0,1239.52,38.93,0,38.93,1278.45
MUIR WOODS NM,10,CA,522.98,0,0,522.98,30.57,0,30.57,553.55
NATCHEZ NHP,4,MS,97.43,0,0,97.43,5.02,17.3,22.32,119.75
NATCHEZ TRACE NS TRAIL,"2, 4",TN-MS-AL,0,0,0,0,0,10995,10995,10995
NATCHEZ TRACE PKWY,"2, 4",TN-MS-AL,46320.02,5887.28,0,52207.3,113,60.16,173.16,52380.46
NATIONAL CAPITAL PARKS,1,DC-MD,8456.29,76.45,0,8532.74,132.67,38.23,170.9,8703.64
NATIONAL MALL,1,DC,150.44,5.4,0,155.84,0,0,0,155.84
NATIONAL WWII MEMORIAL,1,DC,8.25,0,0,8.25,0,0,0,8.25
NATURAL BRIDGES NM,7,UT,7620.49,16,0,7636.49,0,0,0,7636.49
NAVAJO NM,8,AZ,360,0,0,360,0,0,0,360
NEW BEDFORD WHALING,1,MA,0.34,0,0,0.34,0,33.66,33.66,34
NEW ORLEANS JAZZ NHP,4,LA,0,0,0,0,5.13,0,5.13,5.13
NEW RIVER GORGE NP & PRES,1,WV,53849.79,164.21,0,54014,4607.99,13723.92,18331.91,72345.91
NEZ PERCE NHP,"5, 9",MT-ID-OR-WA,1972.61,1885.33,5.12,3863.06,261.2,440.67,701.87,4564.93
NICODEMUS NHS,5,KS,0.22,1.42,0,1.64,0,2.75,2.75,4.39
NINETY SIX NHS,2,SC,1021.94,0,0,1021.94,0,0,0,1021.94
NIOBRARA N. SCENIC RIVER,5,NE,185.88,0,844.52,1030.4,398.68,27659.49,28058.17,29088.57
NOATAK N PRESERVE,11,AK,6549220.04,0,0,6549220.04,1197,36654.35,37851.35,6587071.39
NORTH CASCADES NP,9,WA,504654.18,0,0,504654.18,0,126.76,126.76,504780.94
NP OF AMERICAN SAMOA,12,SAMOA,0,0,0,0,8256.67,0,8256.67,8256.67
OBED WILD & SCENIC RVR,2,TN,3099.89,1081.12,0,4181.01,350.44,958.4,1308.84,5489.85
OCMULGEE MOUNDS NHP,2,GA,1607.6,0,0,1607.6,398.84,1424.61,1823.45,3431.05
OLYMPIC NP,9,WA,913408.83,64.88,100,913573.71,8749.28,326.42,9075.7,922649.41
OREGON CAVES NM & PRES,9,OR,4554.03,0,0,4554.03,0,0,0,4554.03
ORGAN PIPE CACTUS NM,8,AZ,329114.5,24.42,226.37,329365.29,1280,43.57,1323.57,330688.86
OZARK NS RIVERWAYS,4,MO,52345.83,9022.59,0,61368.42,14062.59,5353.29,19415.88,80784.3
PADRE ISLAND NS,6,TX,130355.46,0,0,130355.46,78.81,0,78.81,130434.27
PALO ALTO BTLFLD NHP,6,TX,1809.89,0,0,1809.89,0,1616.98,1616.98,3426.87
PATERSON GREAT FALLS NHP,1,NJ,0.39,0,0,0.39,50.48,0.46,50.94,51.33
PEA RIDGE NMP,4,AR,4278.75,0,0,4278.75,21.6,0,21.6,4300.35
PEARL HARBOR NMEM,12,HI,0,0,21.64,21.64,0,0,0,21.64
PECOS NHP,7,NM,6410.44,0,0,6410.44,51.51,231.54,283.05,6693.49
PENNSYLVANIA AVE NHS,1,DC,15.59,0,0.84,16.43,1.18,0,1.18,17.61
PERRY'S VIC & INT PEACE M,3,OH,23.12,0.02,0,23.14,2.24,0,2.24,25.38
PETERSBURG NB,1,VA,2709.51,0.12,0,2709.63,0,6640.58,6640.58,9350.21
PETRIFIED FOREST NP,8,AZ,147144.45,0,0,147144.45,35900.69,38345.07,74245.76,221390.21
PETROGLYPH NM,7,NM,2941.26,0,0,2941.26,4167.76,100.02,4267.78,7209.04
PICTURED ROCKS NL,3,MI,35706,21.3,44.16,35771.46,13939.75,23524.76,37464.51,73235.97
PINNACLES NP,10,CA,26674.6,0.31,0,26674.91,0,10.82,10.82,26685.73
PIPE SPRING NM,8,AZ,40,0,0,40,0,0,0,40
PIPESTONE NM,3,MN,281.78,0,0,281.78,0,0,0,281.78
PISCATAWAY PARK,1,MD,1909.79,2670.72,0,4580.51,0,35.8,35.8,4616.31
POINT REYES NS,10,CA,64856.5,42.98,334.87,65234.35,2696.98,3122.05,5819.03,71053.38
PORT CHICAGO NAVAL MAG N MEM,10,CA,0,0,5,5,0,0,0,5
POTOMAC HERITAGE NST,1,PA TO VA,0,0,0,0,0,0,0,0
POVERTY POINT NM,4,LA,0,0,0,0,415.14,495.71,910.85,910.85
PRESIDENT WJ CLINTON BP NHS,4,AR,0.68,0,0,0.68,0,0,0,0.68
PRINCE WM FOREST PARK,1,VA,14573.56,41.89,0,14615.45,5.52,1438.94,1444.46,16059.91
PULLMAN NM,3,IL,0.24,0.16,0,0.4,0,0,0,0.4
PU'UHONUA O HONAUNAU,12,HI,418.78,1.02,0,419.8,0,0,0,419.8
PUUKOHOLA HEIAU NHS,12,HI,60.95,0,0,60.95,25.29,0,25.29,86.24
RAINBOW BRIDGE NM,7,UT,160,0,0,160,0,0,0,160
RECONSTRUCTION ERA NHP,2,SC,3.2,1.47,10.86,15.53,0,0,0,15.53
REDWOOD NP,10,CA,77715.18,29.36,1.92,77746.46,61101.92,150.99,61252.91,138999.37
RICHMOND NBP,1,VA,4027.53,22.43,1.42,4051.38,3.7,4088.18,4091.88,8143.26
RIO GRANDE WILD & SR,6,TX,0,0,0,0,4269.31,8854.08,13123.39,13123.39
RIVER RAISIN NBP,3,MI,42.18,0,0,42.18,0,0,0,42.18
ROCK CREEK PARK,1,DC,1755.21,0,0,1755.21,0,0,0,1755.21
ROCKY MT NP,7,CO,264303.5,1220.7,0,265524.2,130.29,193.25,323.54,265847.74
ROGER WILLIAMS NMEM,1,RI,4.56,0,0,4.56,0,0,0,4.56
ROSIE THE RIVETER  NHP,10,CA,0,0,0,0,145.19,0,145.19,145.19
ROSS LAKE NRA,9,WA,115959.59,0,0,115959.59,1609.37,5.63,1615,117574.59
RUSSELL CAVE NM,2,AL,310.45,0,0,310.45,0,0,0,310.45
SAGAMORE HILL NHS,1,NY,83.02,0,0,83.02,0,0,0,83.02
SAGUARO NP,8,AZ,88017.24,13.64,0,88030.88,3269.67,1575.87,4845.54,92876.42
SAINT CROIX NSR,3,MN-WI,20525.78,11006.83,804.44,32337.05,30596.34,4533.24,35129.58,67466.63
SAINT-GAUDENS NHP,1,NH,190.75,0,0,190.75,0,0,0,190.75
SALEM MARITIME NHS,1,MA,8.93,0,0,8.93,0,0.09,0.09,9.02
SALINAS PUEBLO MSNS NM,7,NM,979.87,5.26,0,985.13,5.68,80.61,86.29,1071.42
SALT RVR BAY NHP,2,VI,224.67,0,0,224.67,659.49,105.26,764.75,989.42
SAN ANTONIO MISSIONS NHP,6,TX,546.04,70.47,0,616.51,236.93,136.84,373.77,990.28
SAN FRAN MARITIME NHP,10,CA,30.03,0,0,30.03,19.83,0,19.83,49.86
SAN JUAN ISLAND NHP,9,WA,2114.52,0,0,2114.52,26.54,4.5,31.04,2145.56
SAN JUAN NHS,2,PR,53.2,0,0,53.2,21.93,0,21.93,75.13
SAND CREEK MASSACRE NHS,7,CO,3025.43,0,0,3025.43,0,9557.91,9557.91,12583.34
SANTA MONICA MTS NRA,8,CA,23611.56,33.38,1472.44,25117.38,49755.88,82824.86,132580.74,157698.12
SARATOGA NHP,1,NY,3080.87,20.93,0,3101.8,59.18,446.61,505.79,3607.59
SAUGUS IRON WORKS NHS,1,MA,8.51,0,0,8.51,0,0,0,8.51
SCOTTS BLUFF NM,5,NE,2953.94,0.27,0,2954.21,5.95,44.57,50.52,3004.73
SEQUOIA NP,10,CA,403893.31,15.36,0,403908.67,0,153.96,153.96,404062.63
SHENANDOAH NP,1,VA,198505.99,818.31,0,199324.3,72.11,1020.68,1092.79,200417.09
SHILOH NMP,"2, 4",TN-MS,5486.74,1.19,0,5487.93,954.64,2879.53,3834.17,9322.1
SITKA NHP,11,AK,58.22,0,0,58.22,54.63,3.44,58.07,116.29
SLEEPING BEAR DUNES NL,3,MI,57139.4,651.69,1.85,57792.94,12067.29,1450.12,13517.41,71310.35
SPRINGFIELD ARMORY NHS,1,MA,20.32,0.28,0,20.6,34.33,0,34.33,54.93
ST CROIX ISLAND IHS,1,ME,6.5,0,0,6.5,0,0,0,6.5
ST PAUL'S CHURCH NHS,1,NY,6.13,0,0,6.13,0,0,0,6.13
STATUE OF LIBERTY NM,1,NY-NJ,58.38,0,0,58.38,0,0,0,58.38
STE. GENEVIEVE NHP,4,MO,11.11,0.68,0,11.79,2.28,2.84,5.12,16.91
STEAMTOWN NHS,1,PA,51.29,0,0,51.29,10.55,0.64,11.19,62.48
STONES RIVER NB,2,TN,650.14,0,0,650.14,17.14,42.21,59.35,709.49
STONEWALL NM,1,NY,0.12,0,0,0.12,7.53,0.05,7.58,7.7
SUNSET CRATER VOLC NM,8,AZ,3040,0,0,3040,0,0,0,3040
T KOSCIUSZKO NMEM,1,PA,0.02,0,0,0.02,0,0,0,0.02
T ROOSEVELT BIRTHPLACE NHS,1,NY,0.11,0,0,0.11,0,0,0,0.11
T ROOSEVELT INAUG NHS,1,NY,1.18,0,0,1.18,0,0,0,1.18
T ROOSEVELT ISLAND,1,DC,88.5,0,0,88.5,0,0,0,88.5
T ROOSEVELT NP,5,ND,69702.12,0,0,69702.12,54.33,690.44,744.77,70446.89
TALLGRASS PRAIRIE NPRE,5,KS,33.12,0,0,33.12,17.3,10832.25,10849.55,10882.67
THOMAS EDISON NHP,1,NJ,21.25,0,0,21.25,0,0,0,21.25
THOMAS JEFFERSON MEM,1,DC,18.36,0,0,18.36,0,0,0,18.36
THOMAS STONE NHS,1,MD,328.25,0,0,328.25,0,0,0,328.25
TIMPANOGOS CAVE NM,7,UT,250,0,0,250,0,0,0,250
TIMUCUAN ECO & H PRES,2,FL,15689.7,1330,0,17019.7,18185.37,11057.6,29242.97,46262.67
TONTO NM,8,AZ,1120,0,0,1120,0,0,0,1120
TULE LAKE NM,10,CA,35.02,0,0,35.02,2.37,0,2.37,37.39
TULE SPRINGS FOSSIL BEDS NM,8,NV,22650,0,0,22650,0,0,0,22650
TUMACACORI NHP,8,AZ,357.74,0,0,357.74,0.64,1.94,2.58,360.32
TUPELO NB,4,MS,1,0,0,1,0,0,0,1
TUSKEGEE AIRMEN NHS,2,AL,44.71,0,0,44.71,0.4,44.57,44.97,89.68
TUSKEGEE INSTITUTE NHS,2,AL,7.9,1.02,0,8.92,0,49,49,57.92
TUZIGOOT NM,8,AZ,366.42,15.11,0,381.53,0,430.36,430.36,811.89
ULYSSES S GRANT NHS,4,MO,9.6,0,0,9.6,0,0,0,9.6
UPPER DEL SCENIC & R RVR,1,NY-PA,30.47,0.28,0,30.75,1327.96,73640.85,74968.81,74999.56
VALLES CALDERA N PRES,7,NM,89805.31,0,0,89805.31,0,0,0,89805.31
VALLEY FORGE NHP,1,PA,3146.57,29.13,0,3175.7,218.03,74.81,292.84,3468.54
VANDERBILT MANSION NHS,1,NY,211.65,0,0,211.65,0,0,0,211.65
VICKSBURG NMP,4,MS-LA,2469.61,-0.95,0,2468.66,4.84,50.61,55.45,2524.11
VIETNAM VETERANS MEM,1,DC,2.18,0,0,2.18,0,0,0,2.18
VIRGIN ISLANDS CORAL REEF,2,VI,11608.48,0,0,11608.48,1099.59,0,1099.59,12708.07
VIRGIN ISLANDS NP,2,VI,13102.24,3,0,13105.24,241.28,1705.81,1947.09,15052.33
VOYAGEURS NP,3,MN,133144.22,0,140.3,133284.52,83899.74,1038.09,84937.83,218222.35
WACO MAMMOTH NM,6,TX,4.93,2.18,0,7.11,100.12,0,100.12,107.23
WALNUT CANYON NM,8,AZ,2922.77,0,0,2922.77,0,277.84,277.84,3200.61
WAR IN THE PACIFIC NHP,12,GUAM,957.52,0,0.73,958.25,871.96,200.44,1072.4,2030.65
WASHINGTON MONUMENT,1,DC,101.01,0,5,106.01,0,0,0,106.01
WASHITA BATTLEFIELD NHS,6,OK,315.2,0,0,315.2,0,0,0,315.2
WEIR FARM NHP,1,CT,68.05,0,0,68.05,0,6.15,6.15,74.2
WHISKEYTOWN-S-T NRA,10,CA 3/,42492.09,0,0,42492.09,0,11.16,11.16,42503.25
WHITE HOUSE,1,DC,18.07,0,0,18.07,0,0,0,18.07
WHITE SANDS NP,7,NM,146344.31,0,0,146344.31,0,0,0,146344.31
WHITMAN MISSION NHS,9,WA,138.53,0,0,138.53,0,0,0,138.53
WILLIAM H TAFT NHS,3,OH,1.92,0,0,1.92,1.07,0.65,1.72,3.64
WILSONS CREEK NB,4,MO,2035.49,0,0,2035.49,7.08,379.19,386.27,2421.76
WIND CAVE NP,5,SD,33970.84,0,0,33970.84,0,0,0,33970.84
WOLF TRAP NP FOR PERF ARTS,1,VA,117.89,12.39,0,130.28,0,0,0,130.28
WOMEN'S RIGHTS NHP,1,NY,7.03,0,0,7.03,0.19,0.22,0.41,7.44
WORLD WAR I NMEM,1,DC,1.39,0,0,1.39,0,0,0,1.39
WRANGELL-ST ELIAS N PRES,11,AK,4323869.46,0,0,4323869.46,39855.06,488920.37,528775.43,4852644.89
WRANGELL-ST ELIAS NP,11,AK,7956729.18,0.83,0,7956730.01,17577.06,348839.41,366416.47,8323146.48
WRIGHT BROTHERS NMEM,2,NC,421.81,0,0,421.81,6.63,0,6.63,428.44
WUPATKI NM,8,AZ,35401.83,0,0,35401.83,0,0,0,35401.83
YELLOWSTONE NP,"5, 7, 9",ID-MT-WY,2219789.13,0,0,2219789.13,0,1.58,1.58,2219790.71
YOSEMITE NP,10,CA,759690.11,10.83,319.11,760020.05,1502.7,224.75,1727.45,761747.5
YUCCA HOUSE NM,7,CO,33.87,0,0,33.87,0,0,0,33.87
YUKON-CHARLEY RIVERS N PR,11,AK,2195546.98,0,0,2195546.98,46169.03,284796.43,330965.46,2526512.44
ZION NP,7,UT,143793.41,0,0,143793.41,5.13,3444.12,3449.25,147242.66
